<?xml version="1.0" encoding="UTF-8"?>

<!DOCTYPE mapper PUBLIC "-//mybatis.org//DTD Mapper 3.0//EN" "http://mybatis.org/dtd/mybatis-3-mapper.dtd">

<mapper namespace="com.naver.dgkim1007.dao.ProductDao">

   
   <select id="selectOne" resultType="com.naver.dgkim1007.entities.Product">
      select * from product where code = #{code}
   </select>
   <select id="v_selectOne" resultType="com.naver.dgkim1007.entities.Vender">
      select * from vender where code = #{code}
   </select>
  
   <insert id="insertRow">
   		insert product 
		(code,name,capacity,buyprice,saleprice,preyystock,premmstock,preddstock,
		buy01,buy02,buy03,buy04,buy05,buy06,buy07,buy08,buy09,buy10,buy11,buy12,
		sale01,sale02,sale03,sale04,sale05,sale06,sale07,sale08,sale09,sale10,sale11,sale12,
		stock,explanation) 
		values 
		(#{code},#{name},#{capacity},#{buyprice},#{saleprice},#{preyystock},#{premmstock},#{preddstock},
		#{buy01},#{buy02},#{buy03},#{buy04},#{buy05},#{buy06},#{buy07},#{buy08},#{buy09},#{buy10},#{buy11},#{buy12},#{
		sale01},#{sale02},#{sale03},#{sale04},#{sale05},#{sale06},#{sale07},#{sale08},#{sale09},#{sale10},#{sale11},#{sale12},#{
		stock},#{explanation});
   </insert>
   
   <insert id="v_insertRow">
   		insert vender
		(code,name,busno1,busno2,busno3,ceoname,zipcode,newaddr,detailaddr,officeno1,officeno2,officeno3) 
		values 
		(#{code},#{name},#{busno1},#{busno2},#{busno3},#{ceoname},#{zipcode},#{newaddr},#{detailaddr},
		#{officeno1},#{officeno2},#{officeno3})
   </insert>
   
   <update id="updateRow">
	   update product set capacity=#{capacity}, buyprice=#{buyprice}, saleprice=#{saleprice}, preyystock=#{preyystock},
	   preddstock=#{preddstock},buy01=#{buy01},
	    buy02=#{buy02} ,buy03=#{buy03},buy04=#{buy04},buy05=#{buy05},buy06=#{buy06},buy07=#{buy07},buy08=#{buy08},
	    buy09=#{buy09},buy10=#{buy10},buy11=#{buy11},buy12=#{buy12},
		sale01=#{sale01},sale02=#{sale02},sale03=#{sale03},sale04=#{sale04},sale05=#{sale05},sale06=#{sale06},sale07=#{sale07},
		sale08=#{sale08},sale09=#{sale09},sale10=#{sale10},sale11=#{sale11},sale12=#{sale12},
		stock=#{stock},explanation=#{explanation} where code = #{code};
	</update>
	
   <update id="v_updateRow">
	   update vender set name=#{name}, busno1=#{busno1}, busno2=#{busno2}, busno3=#{busno3},
	   ceoname=#{ceoname},zipcode=#{zipcode},newaddr=#{newaddr},detailaddr=#{detailaddr},
	   officeno1=#{officeno1},officeno2=#{officeno2},officeno3=#{officeno3} where code = #{code};
	</update>
	
   <select id="selectAll" resultType="com.naver.dgkim1007.entities.Product">
      select * from product
   </select>
   
   <select id="v_selectAll" resultType="com.naver.dgkim1007.entities.Vender">
      select * from vender
   </select>
   
   <update id="updateAjax">
      update product set stock=#{stock} where code= #{code}
   </update>

   <delete id="deleteAjax">
      delete from product where code=#{code}
   </delete>
   
   <delete id="v_deleteAjax">
      delete from vender where code=#{code}
   </delete>

</mapper>