<?xml version="1.0" encoding="UTF-8"?>

<!DOCTYPE mapper PUBLIC "-//mybatis.org//DTD Mapper 3.0//EN" "http://mybatis.org/dtd/mybatis-3-mapper.dtd">

<mapper namespace="com.naver.dgkim1007.dao.BoardDao">

   
   <select id="selectOne" resultType="com.naver.dgkim1007.entities.Board">
      select * from Board where b_seq = #{b_seq}

   </select>
   <insert id="insertRow">
      insert into Board (b_seq,b_ref,b_step,b_email,b_name,b_title,b_content,b_hit,b_attach)
      values((SELECT ifnull(MAX(b_seq)+1,1 ) FROM board board_alias),
      		(SELECT ifnull(MAX(b_seq)+1,1 ) FROM board board_alias),
      		0,#{b_email},#{b_name},#{b_title},#{b_content},0,#{b_attach})
   </insert>

   <update id="updateRow">
      update Board set name=#{name}, password = #{password}, 
      phone1 = #{phone1}, phone2 = #{phone2}, phone3 = #{phone3},photo = #{photo}
      where b_seq = #{b_seq};
   </update>
   <select id="selectAll" resultType="com.naver.dgkim1007.entities.Board">
      select * from Board
   </select>

   <update id="updateAjax">
      update Board set memlevel = #{memlevel} where b_seq
      = #{b_seq};
   </update>

   <delete id="deleteAjax">
      delete from Board where b_seq = #{b_seq};
   </delete>

</mapper>