<?xml version="1.0" encoding="UTF-8"?>

<!DOCTYPE mapper PUBLIC "-//mybatis.org//DTD Mapper 3.0//EN" "http://mybatis.org/dtd/mybatis-3-mapper.dtd">

<mapper namespace="com.naver.dgkim1007.dao.SalaryDao">

   
	<select id="selectOne" resultType="com.naver.dgkim1007.entities.Salary">
	   select * from Salary where empno = #{empno}
	</select>
	
	<insert id="insertRow">
	   insert into Salary (empno,depart,name,partner,dependent20,dependent60,disabled,womanpower,pay,extra
	   )values(
	   #{empno},#{depart},#{name},#{partner},#{dependent20},#{dependent60},
	   #{disabled},#{womanpower},#{pay},#{extra}
	   )
	</insert>	
	
	<insert id="insertReplyRow">
	   insert into Salary (b_seq,b_ref,b_step,b_email,b_name,b_title,b_content,b_hit,b_attach, b_inputtime, b_inputip)
	   values(
	   (SELECT ifnull(MAX(b_seq)+1,1 ) FROM board board_alias),
	   #{b_ref},
	   (select ifnull(max(b_step) + 1,1) from board board_max where b_ref = #{b_ref}),
	   #{b_email},#{b_name},#{b_title},#{b_content},0,#{b_attach},#{b_inputtime},#{b_inputip}
	   )
	</insert>
	
	<update id="updateRow">
	   update Salary set name=#{name}, partner=#{partner}, dependent20=#{dependent20}, dependent60=#{dependent60},
	   disabled=#{disabled}, womanpower=#{womanpower}, pay=#{pay}, extra=#{extra} where empno = #{empno};
	</update>
	
	<select id="selectAll" resultType="com.naver.dgkim1007.entities.Salary">
	   select * from Salary
	</select>
	
	<select id="selectTaxYes" resultType="com.naver.dgkim1007.entities.Salary">
	   select * from Salary where yn="y"
	</select>
	
	<update id="updateAjax">
	   update Salary set yn = #{yn} where empno
	   = #{empno};
	</update>
	
	<delete id="deleteAjax">
		delete from salary where empno = #{empno};
   	</delete>
   	
   	<insert id="insertSalaryRoll">
      insert salaryroll (yyyy, mm, empno, depart, name, partner, dependent20, dependent60, 
      disabled, womanpower, pay12, incomededuction, incomeamount, personaldeduction, annuityinsurance, 
      specialdeduction, standardamount, calculatedtax, incometaxdeduction, decidedtax, simpletax, finalpay) 
      values (#{yyyy},#{mm},#{empno},#{depart},#{name},#{partner},#{dependent20},#{dependent60},
      #{disabled},#{womanpower},#{pay12},#{incomededuction},#{incomeamount},#{personaldeduction},#{annuityinsurance},
      #{specialdeduction},#{standardamount},#{calculatedtax},#{incometaxdeduction},#{decidedtax},#{simpletax},#{finalpay});
   	</insert>
   	
   	<select id="selectsalaryRollView" resultType="com.naver.dgkim1007.entities.SalaryRollViewToBean">
   		select *,sum(pay12) as mmpay, sum(annuityinsurance) as insurance,
   		sum(simpletax) as tax,sum(finalpay)	as lastamount from salaryroll 
   		where yyyy=#{yyyy} and mm = #{mm}
   		group by depart, name WITH ROLLUP
   	</select>
   	
   	<delete id="salaryRollDeletebefore">
		delete from salaryroll where yyyy = #{yyyy} and mm = #{mm};
   	</delete>
   	
   	<update id="addHit">
		update board set b_hit = b_hit + 1 where b_seq = #{b_seq}
   	</update>

	<delete id="deleteRow">
	   delete from Salary where b_seq = #{b_seq};
	</delete>
	
	<select id="selectPageList" resultType="com.naver.dgkim1007.entities.Salary">
			select * from Salary order by b_ref desc, b_step asc
			limit #{startrow},#{endrow}
	</select>
	
	<select id="findListSalary"
	   resultType="com.naver.dgkim1007.entities.Board">
	   select * from board where b_title like CONCAT('%',#{find},'%')
	   or b_name like CONCAT('%',#{find},'%') or b_content like CONCAT('%',#{find},'%')
	   order by b_ref desc, b_step asc limit #{startrow}, #{endrow};
	</select>
	
	
	
</mapper>