<?xml version="1.0" encoding="UTF-8"?>

<!DOCTYPE mapper PUBLIC "-//mybatis.org//DTD Mapper 3.0//EN" "http://mybatis.org/dtd/mybatis-3-mapper.dtd">

<mapper namespace="com.naver.dgkim1007.dao.DistributionDao">

   
	<select id="selectOne" resultType="com.naver.dgkim1007.entities.Balance">
		select * from balance where vendcode = #{vendcode}
	</select>
   
    <insert id="insertRow">
   		insert balance 
		(newyyyy,yyyy,vendcode,vendname,preyybalance,
		prebalance01,prebalance02,prebalance03,prebalance04,prebalance05,prebalance06,prebalance07,prebalance08,prebalance09,prebalance10,prebalance11,prebalance12,
		deal01,deal02,deal03,deal04,deal05,deal06,deal07,deal08,deal09,deal10,deal11,deal12,
		pay01,pay02,pay03,pay04,pay05,pay06,pay07,pay08,pay09,pay10,pay11,pay12,
		balance01,balance02,balance03,balance04,balance05,balance06,balance07,balance08,balance09,balance10,balance11,balance12,
		balance,paytot,dealtot) 
		values 
		(#{newyyyy},#{yyyy},#{vendcode},#{vendname},#{preyybalance},
		#{prebalance01},#{prebalance02},#{prebalance03},#{prebalance04},#{prebalance05},#{prebalance06},#{prebalance07},#{prebalance08},#{prebalance09},#{prebalance10},#{prebalance11},#{prebalance12},
		#{deal01},#{deal02},#{deal03},#{deal04},#{deal05},#{deal06},#{deal07},#{deal08},#{deal09},#{deal10},#{deal11},#{deal12},
		#{pay01},#{pay02},#{pay03},#{pay04},#{pay05},#{pay06},#{pay07},#{pay08},#{pay09},#{pay10},#{pay11},#{pay12},
		#{balance01},#{balance02},#{balance03},#{balance04},#{balance05},#{balance06},#{balance07},#{balance08},#{balance09},#{balance10},#{balance11},#{balance12},
		#{balance},#{paytot},#{dealtot});
    </insert>

	<update id="updateRow">
	   update balance set newyyyy=#{newyyyy}, vendname=#{vendname}, preyybalance=#{preyybalance}, balance=#{balance},
	   paytot=#{paytot},dealtot=#{dealtot},
	   prebalance01=#{prebalance01},prebalance02=#{prebalance02} ,prebalance03=#{prebalance03},prebalance04=#{prebalance04},
	   prebalance05=#{prebalance05},prebalance06=#{prebalance06},prebalance07=#{prebalance07},prebalance08=#{prebalance08},
	   prebalance09=#{prebalance09},prebalance10=#{prebalance10},prebalance11=#{prebalance11},prebalance12=#{prebalance12},
	   deal01=#{deal01},deal02=#{deal02} ,deal03=#{deal03},deal04=#{deal04},
	   deal05=#{deal05},deal06=#{deal06},deal07=#{deal07},deal08=#{deal08},
	   deal09=#{deal09},deal10=#{deal10},deal11=#{deal11},deal12=#{deal12},
	   pay01=#{pay01},pay02=#{pay02} ,pay03=#{pay03},pay04=#{pay04},
	   pay05=#{pay05},pay06=#{pay06},pay07=#{pay07},pay08=#{pay08},
	   pay09=#{pay09},pay10=#{pay10},pay11=#{pay11},pay12=#{pay12},
	   balance01=#{balance01},balance02=#{balance02} ,balance03=#{balance03},balance04=#{balance04},
	   balance05=#{balance05},balance06=#{balance06},balance07=#{balance07},balance08=#{balance08},
	   balance09=#{balance09},balance10=#{balance10},balance11=#{balance11},balance12=#{balance12} where vendcode = #{vendcode};
		
	</update>
	
    <select id="selectAll" resultType="com.naver.dgkim1007.entities.Balance">
		select * from balance
    </select>

   <update id="updateAjax">
      update balance set balance=#{balance} where yyyy= #{yyyy}
   </update>

   <delete id="deleteAjax">
      delete from balance where vendcode = #{vendcode} and yyyy = #{yyyy}
   </delete>
   
   <select id="selectProname" resultType="com.naver.dgkim1007.entities.Buy">
		select name as proname from product
   </select>
   
   <select id="selectVendname" resultType="com.naver.dgkim1007.entities.Buy">
   		select name as vendname from vender
   </select>
   
   <insert id="buyinsertRow">
   		insert buy 
		(seq,vendcode,vendname,yyyy,mm,dd,procode,proname,price,qty,total,memo) 
		values 
		((SELECT ifnull(MAX(b_seq)+1,1 ),
		(SELECT vendcode from vender where vendname=#{vendname})
		);
    </insert>

</mapper>